policy,mode_a,mode_b,metric,mean_difference,ci_low,ci_high
conservative,chunk_16,chunk_32,leakage_tokens,3.319672131147541,2.2950819672131146,4.426229508196721
conservative,chunk_16,chunk_8,leakage_tokens,-2.8934426229508197,-3.5901639344262297,-2.237704918032787
conservative,chunk_16,full_buffered,leakage_tokens,7.5,5.401639344262295,9.778893442622948
conservative,chunk_16,sentence,leakage_tokens,3.0737704918032787,2.0,4.204918032786885
conservative,chunk_16,token,leakage_tokens,-5.311475409836065,-6.180327868852459,-4.467213114754099
conservative,chunk_32,chunk_8,leakage_tokens,-6.213114754098361,-7.385245901639344,-5.098360655737705
conservative,chunk_32,full_buffered,leakage_tokens,4.180327868852459,2.5081967213114753,6.024590163934426
conservative,chunk_32,sentence,leakage_tokens,-0.2459016393442623,-1.0163934426229508,0.5573770491803278
conservative,chunk_32,token,leakage_tokens,-8.631147540983607,-9.942622950819672,-7.336065573770492
conservative,chunk_8,full_buffered,leakage_tokens,10.39344262295082,8.229303278688526,12.770491803278688
conservative,chunk_8,sentence,leakage_tokens,5.967213114754099,4.860655737704918,7.073975409836063
conservative,chunk_8,token,leakage_tokens,-2.418032786885246,-2.8442622950819674,-2.0081967213114753
conservative,full_buffered,sentence,leakage_tokens,-4.426229508196721,-6.262295081967213,-2.7950819672131146
conservative,full_buffered,token,leakage_tokens,-12.811475409836065,-15.328073770491802,-10.475409836065573
conservative,sentence,token,leakage_tokens,-8.385245901639344,-9.631147540983607,-7.1555327868852485
