policy,traces,failed_traces,predicted_unsafe_rate,tp,fp,tn,fn,accuracy,precision,recall,false_positive_rate,false_positive_ci_low,false_positive_ci_high,false_negative_rate,false_negative_ci_low,false_negative_ci_high,mode
conservative,210,0,0.6714285714285714,116,25,63,6,0.8523809523809524,0.8226950354609929,0.9508196721311475,0.2840909090909091,0.20044769245491267,0.3857958136049272,0.04918032786885246,0.022732170150097576,0.10315208905311074,chunk_8
strict,210,0,0.7142857142857143,119,31,57,3,0.8380952380952381,0.7933333333333333,0.9754098360655737,0.3522727272727273,0.260563319425503,0.45634013208912433,0.02459016393442623,0.008397620360220587,0.06980759843588999,chunk_8
conservative,210,0,0.6523809523809524,116,21,67,6,0.8714285714285714,0.8467153284671532,0.9508196721311475,0.23863636363636365,0.16171042608327635,0.3374264496733719,0.04918032786885246,0.022732170150097576,0.10315208905311074,chunk_16
strict,210,0,0.6714285714285714,119,22,66,3,0.8809523809523809,0.8439716312056738,0.9754098360655737,0.25,0.17128323377232504,0.34963029956012115,0.02459016393442623,0.008397620360220587,0.06980759843588999,chunk_16
conservative,210,0,0.6238095238095238,116,15,73,6,0.9,0.8854961832061069,0.9508196721311475,0.17045454545454544,0.1061082211563272,0.26236870914553345,0.04918032786885246,0.022732170150097576,0.10315208905311074,chunk_32
strict,210,0,0.6476190476190476,119,17,71,3,0.9047619047619048,0.875,0.9754098360655737,0.19318181818181818,0.12425957732106706,0.28777066813238944,0.02459016393442623,0.008397620360220587,0.06980759843588999,chunk_32
conservative,210,0,0.6476190476190476,116,20,68,6,0.8761904761904762,0.8529411764705882,0.9508196721311475,0.22727272727272727,0.15221745302401474,0.3251427651568355,0.04918032786885246,0.022732170150097576,0.10315208905311074,sentence
strict,210,0,0.6571428571428571,118,20,68,4,0.8857142857142857,0.855072463768116,0.9672131147540983,0.22727272727272727,0.15221745302401474,0.3251427651568355,0.03278688524590164,0.012822598471338105,0.08127563379380506,sentence
conservative,210,0,0.5476190476190477,114,1,87,8,0.9571428571428572,0.991304347826087,0.9344262295081968,0.011363636363636364,0.0020087853177044694,0.061594938922985606,0.06557377049180328,0.033598868772217315,0.12407141736905614,full_buffered
strict,210,0,0.5619047619047619,116,2,86,6,0.9619047619047619,0.9830508474576272,0.9508196721311475,0.022727272727272728,0.006254928263812166,0.07912545355267583,0.04918032786885246,0.022732170150097576,0.10315208905311074,full_buffered
