mode,policy,traces,failed_traces,released_tokens_mean,safe_withheld_tokens_mean,leakage_mean,leakage_median,leakage_p90,leakage_p95,zero_leakage_rate,leakage_le_8_rate,leakage_le_32_rate,normalized_leakage_mean,premature_block_rate,premature_ci_low,premature_ci_high,early_lead_median,early_lead_p90,exact_onset_rate,detection_delay_median,detection_delay_p90,miss_rate,miss_ci_low,miss_ci_high,post_signal_buffer_delay_mean,checks_mean,runtime_ms_median,leakage_mean_ci_low,leakage_mean_ci_high,leakage_median_ci_low,leakage_median_ci_high,leakage_p90_ci_low,leakage_p90_ci_high,delay_median_ci_low,delay_median_ci_high,delay_p90_ci_low,delay_p90_ci_high,leakage_words_mean,leakage_words_median,leakage_words_mean_ci_low,leakage_words_mean_ci_high,leakage_characters_mean
chunk_16,conservative,210,0,87.73809523809524,78.7840909090909,13.278688524590164,0.0,44.10000000000005,83.84999999999997,0.6475409836065574,0.7295081967213115,0.8770491803278688,0.1541137856337484,0.2786885245901639,0.20681830021069553,0.3640703361254249,74.0,167.0,0.0,8.0,29.60000000000001,0.10655737704918032,0.06333699612142842,0.17379835736500793,10.284671532846716,6.29047619047619,2968.0923499981873,8.188524590163935,19.172336065573766,0.0,0.0,18.0,81.0,5.0,11.0,20.0,37.60000000000001,11.319672131147541,0.0,6.991803278688525,16.327868852459016,65.52459016393442
chunk_16,strict,210,0,87.5047619047619,78.7840909090909,12.87704918032787,0.0,44.10000000000005,79.94999999999976,0.6475409836065574,0.7295081967213115,0.8770491803278688,0.1502143745244057,0.2786885245901639,0.20681830021069553,0.3640703361254249,74.0,167.0,0.0,8.0,31.5,0.09836065573770492,0.057165020733610974,0.16407731928379277,10.22463768115942,6.276190476190476,2968.0923499981873,7.967213114754099,18.66393442622951,0.0,0.0,18.0,60.0,5.0,11.0,21.0,38.0,10.950819672131148,0.0,6.811475409836065,15.778893442622948,63.040983606557376
chunk_32,conservative,210,0,85.83333333333333,79.32954545454545,11.655737704918034,0.0,32.0,83.84999999999997,0.7295081967213115,0.8032786885245902,0.9016393442622951,0.13728113696510003,0.2786885245901639,0.20681830021069553,0.3640703361254249,74.0,167.0,0.0,8.0,29.60000000000001,0.10655737704918032,0.06333699612142842,0.17379835736500793,22.664233576642335,3.4952380952380953,3142.211050005244,6.631147540983607,17.573975409836063,0.0,0.0,16.80000000000001,81.0,5.0,11.0,20.0,37.60000000000001,9.885245901639344,0.0,5.672131147540983,14.877254098360654,57.26229508196721
chunk_32,strict,210,0,85.6,79.32954545454545,11.254098360655737,0.0,32.0,79.94999999999976,0.7295081967213115,0.8032786885245902,0.9016393442622951,0.13338172585575736,0.2786885245901639,0.20681830021069553,0.3640703361254249,74.0,167.0,0.0,8.0,31.5,0.09836065573770492,0.057165020733610974,0.16407731928379277,22.630434782608695,3.4904761904761905,3142.211050005244,6.401434426229509,17.0,0.0,0.0,16.80000000000001,60.0,5.0,11.0,21.0,38.0,9.51639344262295,0.0,5.4506147540983605,14.360655737704919,54.778688524590166
chunk_8,conservative,210,0,89.10952380952381,78.23863636363636,14.729508196721312,0.0,44.200000000000045,83.84999999999997,0.5737704918032787,0.6721311475409836,0.8688524590163934,0.17869857201534628,0.2786885245901639,0.20681830021069553,0.3640703361254249,74.0,167.0,0.0,8.0,29.60000000000001,0.10655737704918032,0.06333699612142842,0.17379835736500793,4.445255474452555,11.923809523809524,2773.3368500057622,9.622745901639345,20.623155737704913,0.0,5.0,24.0,81.0,5.0,11.0,20.0,37.60000000000001,12.51639344262295,0.0,8.204918032786885,17.475614754098356,72.25409836065573
chunk_8,strict,210,0,88.91428571428571,78.23863636363636,14.39344262295082,0.0,44.200000000000045,80.04999999999978,0.5737704918032787,0.6721311475409836,0.8688524590163934,0.17543579945446774,0.2786885245901639,0.20681830021069553,0.3640703361254249,74.0,167.0,0.0,8.0,31.5,0.09836065573770492,0.057165020733610974,0.16407731928379277,4.427536231884058,11.9,2773.3368500057622,9.450614754098362,20.164344262295078,0.0,5.0,24.0,62.0,5.0,11.0,21.0,38.0,12.21311475409836,0.0,8.01639344262295,17.065778688524585,70.27049180327869
full_buffered,conservative,210,0,65.87142857142857,82.60227272727273,9.237704918032787,0.0,13.500000000000085,83.84999999999997,0.8934426229508197,0.8934426229508197,0.9098360655737705,0.10655737704918032,0.2786885245901639,0.20681830021069553,0.3640703361254249,74.0,167.0,0.0,8.0,29.60000000000001,0.10655737704918032,0.06333699612142842,0.17379835736500793,146.96350364963504,1.0,7650.334449988804,4.32766393442623,15.123155737704915,0.0,0.0,0.0,81.0,5.0,11.0,20.0,37.60000000000001,7.737704918032787,0.0,3.6063524590163936,12.647745901639341,45.532786885245905
full_buffered,strict,210,0,65.02857142857142,82.60227272727273,8.39344262295082,0.0,0.0,79.94999999999976,0.9016393442622951,0.9016393442622951,0.9180327868852459,0.09836065573770492,0.2786885245901639,0.20681830021069553,0.3640703361254249,74.0,167.0,0.0,8.0,31.5,0.09836065573770492,0.057165020733610974,0.16407731928379277,146.15217391304347,1.0,7650.334449988804,3.6147540983606556,14.074180327868847,0.0,0.0,0.0,60.0,5.0,11.0,21.0,38.0,6.975409836065574,0.0,3.0,11.72151639344262,40.622950819672134
sentence,conservative,210,0,86.72857142857143,79.125,11.680327868852459,0.0,31.700000000000017,83.84999999999997,0.6967213114754098,0.8032786885245902,0.9016393442622951,0.12994101086037757,0.2786885245901639,0.20681830021069553,0.3640703361254249,74.0,167.0,0.0,8.0,29.60000000000001,0.10655737704918032,0.06333699612142842,0.17379835736500793,19.087591240875913,4.90952380952381,3319.0544500039323,6.590163934426229,17.639549180327865,0.0,0.0,15.0,81.0,5.0,11.0,20.0,37.60000000000001,9.844262295081966,0.0,5.565573770491803,14.87704918032787,57.22950819672131
sentence,strict,210,0,86.49047619047619,79.125,11.270491803278688,0.0,31.700000000000017,79.94999999999976,0.6967213114754098,0.8032786885245902,0.9016393442622951,0.12596201993247688,0.2786885245901639,0.20681830021069553,0.3640703361254249,74.0,167.0,0.0,8.0,31.5,0.09836065573770492,0.057165020733610974,0.16407731928379277,19.014492753623188,4.904761904761905,3319.0544500039323,6.368852459016393,17.040983606557376,0.0,0.0,15.0,60.0,5.0,11.0,21.0,38.0,9.467213114754099,0.0,5.344262295081967,14.270901639344256,54.704918032786885
token,conservative,210,0,90.75238095238095,77.51136363636364,16.418032786885245,4.0,44.30000000000004,83.84999999999997,0.2786885245901639,0.6147540983606558,0.8524590163934426,0.20574097575333522,0.2786885245901639,0.20681830021069553,0.3640703361254249,74.0,167.0,0.0,8.0,29.60000000000001,0.10655737704918032,0.06333699612142842,0.17379835736500793,0.0,91.4047619047619,2692.0540000055553,11.32766393442623,22.295081967213115,1.0,8.0,28.400000000000034,81.0,5.0,11.0,20.0,37.60000000000001,13.942622950819672,4.0,9.663934426229508,18.8936475409836,80.24590163934427
token,strict,210,0,90.58095238095238,77.51136363636364,16.12295081967213,4.0,44.30000000000004,80.29999999999984,0.2786885245901639,0.6147540983606558,0.8524590163934426,0.20287610228524675,0.2786885245901639,0.20681830021069553,0.3640703361254249,74.0,167.0,0.0,8.0,31.5,0.09836065573770492,0.057165020733610974,0.16407731928379277,0.0,91.23809523809524,2692.0540000055553,11.171926229508198,21.84426229508197,1.0,8.0,28.400000000000034,67.0,5.0,11.0,21.0,38.0,13.680327868852459,4.0,9.48360655737705,18.540983606557376,78.5
