left_split,right_split,comparison,value_hash,left_trace_ids,right_trace_ids,selected_trace_ids
train,val,prompt_hash,5a7447b1ebbfe051430c36d919a211d06262d14590c6ef683ad1280c5f07f35f,48fcf37571a13f2046ca|4ab2c69fed8fe61f27a3|90606424acbab9a4504e|cbc7b33e459d06fd7b49,e8c4ba8338427edbe9ea,
train,val,prompt_hash,860ab448acd2074e971401389749db10327af334d891a801adc684ffa7b376b4,0abe3c0b19935e3c84d4|0e011a9b49952d73dac0|4f4bba7859b9a5b7ea83|9dd43c9054be46d99b81|cf560ae5472848b6924c|db61509d3ce0fbb00eb3|dd6cd4f06c10e0950f7b,ff5de963621a43dd2912,ff5de963621a43dd2912
train,val,prompt_hash,b472d98322a6f8bf314558fac25b255fc568420752ea4279ce576ae85809c38e,ec7312ed3f2acbee466c|f75493aede847962bef3,685659270cb4b9b10e05|ec7312ed3f2acbee466c,ec7312ed3f2acbee466c
train,val,prompt_hash,baac723e64a989736902b2c5376daad9eae6e550da4ede07ba8a5202862ba4ce,58cdd10a12954219ea49|6fd2fd17dbaf1ee7a439|9ba2d08485c328664b8d|b521a11cbfb6e9c73960,09e3187e691d8def8bc8|58c04c551105a2aae209|da0812535ee2b6a0d22a|f8fe52749c7f490527ce,da0812535ee2b6a0d22a
train,val,prompt_hash,c70a846ce6fd0311610ba556ff669a2cce1a788fb1e24e605031006cfd961a78,13531bf570ad2e860ce2,c00a8564cd6199339f01,c00a8564cd6199339f01
train,val,response_hash,dc8ff4ae611b2fa75ddef719ac2b0c732d3029987db578ac8c0b92d51cff826f,ec7312ed3f2acbee466c,ec7312ed3f2acbee466c,ec7312ed3f2acbee466c
train,val,pair_hash,ec7312ed3f2acbee466c98039d35347d3a5e6075b66f516c6fb660808c8ee014,ec7312ed3f2acbee466c,ec7312ed3f2acbee466c,ec7312ed3f2acbee466c
train,val,canonical_response_hash,dc8ff4ae611b2fa75ddef719ac2b0c732d3029987db578ac8c0b92d51cff826f,ec7312ed3f2acbee466c,ec7312ed3f2acbee466c,ec7312ed3f2acbee466c
train,test,prompt_hash,01fb86764de0a86c435a88e491f469774f8c749824b16c43746b6150397d719e,05e8b8f14d9d03ddf7c3,febc4a6e14d07e0540fa,
train,test,prompt_hash,031fef13b517799962cb0fe9e6f4bdf78084bb9106a2ce21b6a7d8f91f0c7f8f,0e2d163bf8e7c8b7e958|32794b623bbe07b80943,0113c7921a74d73c92dc|037d74d22ec9ee5c129b|16f898c74d80ad978ae4,
train,test,prompt_hash,04f564ad901dfbd9d04674dc19b4b954ca34576281d00d5c283112aa55a66cf7,33dedccd193c4dee84b1,47804a74aff2f8803bb2|d03ba9c9c7767eb0aef6,
train,test,prompt_hash,065265837a9aff72855a626dc6ac9377f4b58e50277a73610487bb37f3dab8a8,e7e268166eb14f80d898,7fc35561c95e4cdee960|e9d3cafdba87681d5e73,
train,test,prompt_hash,06ab88e6c5d067f9110f942a2a5338c85b57cc656a85ca6b807e2bd9aa202a90,76c735edf1d91b7a6b61|84504557b817fe7e79fd,0232cf1a3d0771f24d63|8bff250376dcc3c3a4ed|d5ac3f5e1b1d323f96c0|f446d80172ec19453106,
train,test,prompt_hash,08723ff1bdf4da8c005a8c156ef48503667f420bf9dddd2b07a3f3375da0aafd,67b37b08f2c7e5d6985a|8322f284cdef6929bf4d|a1cab61fd069edd129a0,0c798945f96c3da0587d|1c4b6069f0167d72de80|396fb887dc311fc2edeb|4f72b9bea82f2db460d4|78a443cc91f4d3f21ccf|840e47d03b3cd778abd5|dbcb3cff4050ae95c40c|ecbb6c0cd528b9e7a57a,8322f284cdef6929bf4d
train,test,prompt_hash,08c2d8a042b1a59142dacb916bfbe35f1d1d1e289c35b43878658b8535701d09,06c94b3668b58b9b600c,2a25ad9fe96008134ff5|fa9b09bbf318584fc8a2,
train,test,prompt_hash,0a6f28e3abb2a0376048942f842431eb23009826bb34411489598a66a7fbbea8,f050d22fc2f82679bfea,3390859360805c125ad4,
train,test,prompt_hash,0c5509477b273636fe17c3715a7d842ef09fc66f2794cde53c01d6dead631bb7,7f671a9a707d8f14ac2b,3326052f39aeb66be671,
train,test,prompt_hash,0ff598ac9ace32f3a4df245c80e726d18e28583ce226cfe88c54405dd0376883,bc6b7f313d16602248ec|f2a0f5672d0b26c8346b,124fc6246d23cf2e0f6a|1f95d7a50d56245d3313|3df104e95e8c28370535|a35f441b72b39a78c33f|b9f2e0e983ce9166eb9f|e1daf0e9d3bb36f98bd5|e4675e054276a327f583,
train,test,prompt_hash,13a70835a3924fb497fcc17951ea520fbf3f14bedb9bbe575544e999dee55fc6,8eb16119502d337cd281,ba8567a61c0ca10c5667,8eb16119502d337cd281
train,test,prompt_hash,15cdf5459de16aeeecc087d3244bb5ce3abf55f8974b3969bf81066b2cab7cf5,9555fa904406e7966fb4,117ae2800ffafd0172e8,
train,test,prompt_hash,16f96b77e82e6bda0c243d455f03db34244c7d9bc69cd90c564472c9e97ae4e6,3a822eb22d85fa2f12ba|55844aeabae2a76b159c|a9edcb958d55e83487dd,12f186ce704ec76cbfb7|599c05c8cbc324b25546|8a4f569b32e3f53734f5,
train,test,prompt_hash,17a33098023bf98fac7ffb1b66b0ef33f5b40e6562d21354300c5071b66043d1,3f87653421ee20e693bd,1072db28dcc501401e8e,
train,test,prompt_hash,182cdc0464eb8e37e6acfa3a277e6f4f5fe1fc589ead1d3f0ac40bfbf50080f5,c4b33214c2f8644b74b2|ea7dabfd6f25e462b455,894094ebb3c6dfb01de5,
train,test,prompt_hash,184f7930046c78cdb1b931463e543ef6f0441722a5bb150a1578fe08f05a9092,643eb4420c6635bf8ece,16d1c1902e9c252ab2cd|7e1947f1bcf0082cf643,
train,test,prompt_hash,1de36f7d7d141ab9447e27a959963b253972ba73fa9a906623066c22efe1d49b,77c48e75e8f6433765d4,4eeaba9d6be914a22064|9917c22f468439bc2b4e,
train,test,prompt_hash,2013c04750ebbef1cebc35a7c8d5ef63528a57ecd0a34165d82596d566c198ea,067f21b51680082a5a7b|3a87d7484aa11f388a82|3fd3a9b2e19e12040286|d819464f8bf2771d9d11,1030475ae2aa32ad88cc|524418ec4a990791854f|612eb74c3961785c9045|88ceb70947081423f22c|8b27f5fa0459cda881a3|91a9ab9be33fd765f149|a76b081f81e4bd939f32|b4486eb938377c350dc2|c14025c3bd86fc01bf4b|cd979841d6c908ee967a|dc73d0966fc6174fc990|e138e65808487fed8c3c|ef4a529725b5e6951b4b|f809ad0adc320928359f|fc6d353c01053100be6b,
train,test,prompt_hash,203086c26bb2d7893b8c6b6ab7b597cf507f5d2e34ad8af4c0896a45e416aaaf,0f9161102f15cd922a7c|9aa246545344b53fdc38,287d19eb7218ec1758af|2fef305edd8a1871f4a3|6a54df62233c388bedd9|f5fd684543fd62e862aa,9aa246545344b53fdc38
train,test,prompt_hash,218213c5ea9c2ab3ad79b53fe9df9db7e7486e7b6a5901e82a789ff54a2f4a06,0fcda3e88d5280dfa15e|4b9cab96658f6f1f3f04|eee83ccd4ae953a2ade3,19c5f9b1972d589681db|5649a2d51d72f51a34ca|7b625161560c48b79696,
train,test,prompt_hash,242a8934f25dba66bf6866ed8c42a5884ca744eff87ed21cc138499a7c74a859,04e04ba4c7a1bc92c443|5c946098fb213808f9ad|6db1e4e21a992ec19065,0e0e8c88af86a08e60c4|1a4b4339787542a1e794|2a6e1799d981fd5353a4|3c1dc9c0005a4c6d7c93|44f05041337b1f3745f0|7ef5aa3a28223a0387a7|8e1318bcec35b7d00c06|a42c8e7597dad6d5394d|accdb0f6e226a7f69ddc|ce34b1fd566ee6418f80,
train,test,prompt_hash,26cf89d0673dd11da091d8d5950a9b965ccba9ba7e09f3d8414016f13db49e6d,376b1e4494963a255bea|877d27411e79a0957383|fa3946e387fa7be2740e,daf220ddc3d546867a15|e8c21d45564d16f36fd3,376b1e4494963a255bea|fa3946e387fa7be2740e
train,test,prompt_hash,272024bb3127e3ca27c75273f971facefb13e4f6c8be6bd34471e21d728f528c,bffe1f7b4b6b208285ff,b104bcb4960c51625ecc,bffe1f7b4b6b208285ff
train,test,prompt_hash,2799c5a5583e59b2db392afd29f3e34d3dd89328a2f89cc30a07c50fe75ff783,8d27924254f3a9819c4f,8e5416c5d9408521379d,
train,test,prompt_hash,2cd9bf6311058b686e7231766fcf67604c786a3784ac50d3ec8f3b907dafaf26,472e2a441c7dd293aa81,8472695619ae36e01a1c,472e2a441c7dd293aa81
train,test,prompt_hash,2d9e2cfae1f8bbaee94adbd973a6e58d6a9bcc67fe6214c211dcb8490cdb0412,238ca171b79ad388b3f9|f4473a9b6b7838ac3651,c2f227799b11f11aba04,f4473a9b6b7838ac3651
train,test,prompt_hash,30930692dd19312bcfa1dae3bad224b4f2d04056aa02451a33219ddbf9896f75,74f081e526c1338caa5b|b40c033146deff423f48,1450d5f0e120f4fc5bfd|268f0019e46c231e5e99|3b05897d91871b25a93b|67267061ef4c7b63473e|8c9e922b3daacabd742f|e4de515da4e62249f75a,
train,test,prompt_hash,32187e8bfceaf20a714def1885173d08b395eaa486baa7f7929481b4cc03a0fd,a5db7d4ba05833af54eb|c337b922d643a8e7aef1,1e12be70bba8d786fa10|3833080af5121565a16f|477dfa3fb62ae5f16bc6|55695edde4e0be718484|8caebb846cb113cf9fa3|8caebb846cb113cf9fa3|9ddf15749d9d0877fb07|dde3c1ea7b6c044f7a31,
train,test,prompt_hash,3bc42333a0b38b098f39bb84f15495b52f1b1bc3405b0d1bff1dfc7c1373c693,89d516a4883b26eef9f6,75fee008f3b49c9639f8|9fe0b7ab683684a45693|a2f55c5ba53db83179b2,
train,test,prompt_hash,3f74375253c021d92d451c1bca927e2a41c522e3f769d0141c4e6a1163107bce,470cbdd9ae231688a082,0b6502062bf6575964d9|ff904e9f9795ecd903c3,470cbdd9ae231688a082
train,test,prompt_hash,45ac72131dcac814d4f73e905c683e3cdfe52e30e073312dd135eca9ebe25aff,300d4a5f43ae974d47ef|718efa2ff6f76076ffc5,d1e9ad97333e088dadc2,718efa2ff6f76076ffc5
train,test,prompt_hash,46842aecffde24925c19621a67286bfa69a1106d4a6d87ea8376d7336d42d04f,a89a21ee6a1f730f3f56|acdbdf154553b66c6196|c45a932160f33e6c07c7|ebce7800717e922e19df,55e35fa13e7e0213fd72|627fb768ff475dc760d9,
train,test,prompt_hash,4a2df2670192d9683361b3a14e38f84712c7651b2c6509ceac3d8830790242dc,0a539cd1a12cfcb68023,5f4ce3101de17e3e4932|e0b6ee8f07956bb0c5d5,
train,test,prompt_hash,4b105b0072954c7442ea4e3ebe41d5988e23109046a2447374647cd9994dfa49,552f39fe90d8b4fd8952|8205d174e2e946236011|a8b5a07b206358da5d0f|bed88f0ffcdca23120fa|cec54672193a1a392162|fb6100a970855c449d20,03549f25aa8c085d53ed|1d523527969a67732df2|1dd35d506e12b39c52bf|26513ed8332595777f2d|27df97f82eb65565ed2c|28ecd6dfa80a83eaaea3|33a36253414935cfa3ed|3988bb4d86707c71c42e|3a23473d63a0998f3a07|5343399bc18016516348|5e368cb60797925d59e8|6b78fd917428ca00325a|6f598eda6b4f723fc4ed|77a4b7ba82bbf4ea1914|80ba54fccfff2e941782|868c1879559e9bd1291b|8d63b640a83c9473291b|93b29e6b7268a5d9bd85|a890e7be7844deea99b0|b50bb2e6a13cd289dff1|b96e70ff3d9f8f510e2b|b98b29b350f18a645133|cffbbfa3dab80544442e|d5f9edf382a80a0edb47|ecc92529c4b7feebf647,
train,test,prompt_hash,555c407df51b16778c74567df8f4d8f697e602cd71cc7c1037130a52af582614,f93f6a438ddd09272024,0afe1515cb1735479af9|868e0191519f86c4c67c|fcb7a80781873844ac06,
train,test,prompt_hash,575ae44dbf6ac36d94554bca087b3a2c44de748993063c2cad3e44d9f7d487d9,5bc57861a512c68ecb3a,ca867c6a9404f4d3a4d3,
train,test,prompt_hash,57685d321cb76b7b311a21ab100511516c8d2fa56cf143a1819f414071e7f5b5,46a02ef537d604110cd6,0bb0ce5a0951457af4de|16486eb452025b1cd5a5|2c13d4ce67da116d2aca|2c83f97ef700a98d7683|31204247adce0e33fe6d|41e0f8b2f6b138a96058|5b9a4f12e68fac3f447b|6d4cbf629f9040de0abc|7aba7ccb2acf39bcaf3d|83674a2433f66ebc4231|bab9d3262692871efab5|de05e9a1671386627c27|e990e64b82d1c7f252b4|eb1339a27d9384424bde,
train,test,prompt_hash,586e5266895fbe983224eec4a474929908fb09f36edd2a44a5fe8ae54c50be77,20888a5ff72ca6e679e6,3321f38d5cd6ecb110cd,20888a5ff72ca6e679e6
train,test,prompt_hash,5995c59dc68c2ca8b3305889740e4dbecfa04002e3e79259b14275eeab475606,71c4f727a06cc9352bea|791f42caa6e9d04cb595,4c1590bc32871b0928b6|562615f8d2f9de523d13|b3a32abc5be3b92a42b1|f02c290773074729e5d4,
train,test,prompt_hash,5a7447b1ebbfe051430c36d919a211d06262d14590c6ef683ad1280c5f07f35f,48fcf37571a13f2046ca|4ab2c69fed8fe61f27a3|90606424acbab9a4504e|cbc7b33e459d06fd7b49,0c2b50726731335e3a6f|156bff397d33b1ca3629|3808ea6e5b1ca9769664|495adbe1e542b2a8b05d|566a60f486157784d3db|7f386b56eb69d263f4c6|a89b53d29649da09066b|d5727d40ca3a5c516bdf|fd421ebb060f22157db3,
train,test,prompt_hash,5b1dd76c818cae6c65ac3065415b06a7039c7a14d1b3532d47b542eb841caa12,672a7364b5659c1a2c5c|8260d31475efcffbfb72,6f721b906fa4ed24fff3|9f4b1c562c1f782d3660|a1b2f1df9fe3b680dfcc|a71291a365ca2b4145e5|ad0060ecf88d55500368|ba314af0807f6b1943f8|caf361488f40e8c82975|d5a282253f6bb626dc3d,
train,test,prompt_hash,5ddc19143575801b94907f236b30b64f5102d0d978499c191e483781bfea4655,8b227967ebd80e9f3247,1e048f7287309bb11a61,
train,test,prompt_hash,6c790a6d8107e89d096f4955c0cbcf2381242257ecb4468e7f82a2aa2f92f2fe,80dd7dc3b29c032f8c09,480425b9a3ca838d93be,
train,test,prompt_hash,6fbb99ff08925e1428b10826ff06baa273e0c01fda37ff294d7df848babd4273,86442cbc451039ddcbda,914f7fed06e0a0a5aa0f|a28b58aa61d6684207ce,
train,test,prompt_hash,6fe18949b7b0bad8fa0e4a9ad7e0b4a228db37433fbe6ff408764f47ef7bece5,d431b4a99c036932d27b,b2c5e620d4ecb25de38b|cf6956b782081c66ce8a|db6ef68cb3a396fe9764,
train,test,prompt_hash,70a80d6e26320dd7d7c0d3d32b76057421aaf828e280914fb056457f9198985d,764b459dcce01f483ab8,a92cd863b896a3847ce0,764b459dcce01f483ab8
train,test,prompt_hash,75443ebe421284c8445ff11764190648bc8ce199fbda3df1b866646dbd0c12db,29fedca451a6e5d64f24|89685456f1bc4f5397c9,4cb7be6ee16362753167|8b01c9098d87514ace46|a3fd83693e470ce2ee79|ba9a26cf833c5ff54117|cf3508e372c0dde269d0|fc70bc1450fe278d05d8,
train,test,prompt_hash,781c75f18bbfe55674551cf7d9d4e975bf06ef20b3104357422ba415f3326da1,738232239b24ce61c577|8d45affc8a9b62721221,27d481b317b9c0f703ce|f6200836b706d4ce3288,
train,test,prompt_hash,7ac17f2643001d5499cbd9757c3656fa0b362ecf5a5d2b63421971e02f62287e,8f35e2557e9b89f8b860,46623ec7c70cf7927c26|4e976fea5eaf240533c4,
train,test,prompt_hash,80e62116ca3f162598f25a07805c0a369c747c8bdcd51f42e1d3e7476bafa9a9,2c236e31b9a0d2328638,2bd597f9c12881642a1c,
train,test,prompt_hash,8a03466bd012a59713b05450784257f7b3e682be5b06d5e8616f86aba0c6e500,ae7893dacc08ababb250,462b1a7696cab17f696d|51b0a546fdcba8596876,
train,test,prompt_hash,8af2157ecdf4e03c1ad30ee1defdecee0e0130d02977dab9373796f63049b374,74dc841f4994cdf26516,062997a4ae10ebbef797,74dc841f4994cdf26516
train,test,prompt_hash,8e38ba7971545371dc9712ce8f8fa75aa88d842c8d71dee1de7fd1a23f461cea,5ab2f06acfba6717754c,cab59cae3b3a51804950|fafd599becd241b1a380,
train,test,prompt_hash,90871541fab0148f608464a3bf3a7fa22801c5ce7c30b090fe7d4686e746e2e4,2717e30132bd4fcce110,c02d64fb682ea5dc512e,
train,test,prompt_hash,909170b5eff2d0bf73ea5322d02e488b04978cf4ff45e3e2780d24688b8abe7b,3005482752345d5da307,5bb8254592ad8853955c|b5aee959f64de516e175|c0d33facfe49b173f9f9,3005482752345d5da307
train,test,prompt_hash,909b3b28e8cd3ebc4ebf670dba027ce791f69a9b05e063118970cd5172aeb226,08f8d4e171936b516eac|9adbd1f39351d9d530a4,5024892af0f536588bd2|a4bf1dd3bbb76d544ee8,9adbd1f39351d9d530a4
train,test,prompt_hash,94971f3aa8fe5398b9831b665db1bca07d16f781eeec1bb937de6ffea4771a0e,9ac2278a9b859411c1c5,2de09f2b5eb4fd2a9d7f,
train,test,prompt_hash,98814aaa856be5bb81c667200994873982464282bc5b944844e5011443d61d78,70cca4f019b4fa3a387a,34699a3bc8f9d8716310|4bc3d65fce2c51a0bb7e,
train,test,prompt_hash,9fe90356a180dc9aed489f5a02b13fa09a903a26435b70e9a8393c71c891b397,42f4a6658b16ac680a54,7333b5bcc641089fe57f,
train,test,prompt_hash,a1a6fd8c320e0b57648421eaeef785b31b2012c88dcaa3f51b0f1f7cf2ea0af4,8524730ce4d4df618ca7|f4c51107416e1bb65920,0a89ad461bdb83266e79|6e91ff39af909ae02f8a,f4c51107416e1bb65920
train,test,prompt_hash,afabae5a579444d335d5eba15b2f7411ba2e643c3754f0bf3596308c218d80af,6fbd4215ec6bc330988e,974eb1f1756282675c8d,
train,test,prompt_hash,b17e85966cb33227d8190a08c25c921f631ba912ee5b59c8c0b071e4e3b2357d,dba705f4f6a9da18cf78,54c375acbe5ca0588262|7404904e89c88c362b4f,
train,test,prompt_hash,b3efabb411f054a8aae4e243b6aa2ff9841ae3051dc120dbabd5a34100ea3feb,43f144e46d04c3095e71,07c90badfa8a303046bc,
train,test,prompt_hash,bbf29b8f88bff4ac0a40739381d1a8d7204c3b4d484b4cf0c81681b0bfa3ff8d,5113b9baa7d601608c7a,61dfcfd11dfd8a1a5a3b,
train,test,prompt_hash,bd0c541d031f170fdf25efdd649f7acc635b7660e5c020a97434f6d8ff47e820,1cd334bc9a1c322e1b96,7d57cff3a729133750cc,1cd334bc9a1c322e1b96
train,test,prompt_hash,bdd51d66d6322f85bf26622d236ef14eed4a3bea5823e83dddb4bd812360bb8c,3b8743149c66de8c2db9,99a2959627e10d5e870a|b6984f8bf3d283cf633e,3b8743149c66de8c2db9
train,test,prompt_hash,c02bde94f05a74c72642dd2901dbf09d1e1a4bcbc3a4c8c75b9e381247e8b19d,bce20bb6d80a5e93f25e,4bd97582a14a40ee5d9c|c161747a53c3bfef5260|e5f28c5d763bb9388dbd,
train,test,prompt_hash,c063987da1957c9543d62a317069f6107068311308f5ccf39cbda2b9e60b3a8c,138a7ce23ac99947b4fa|638bafd9d89905eff306,39328bee4c8835baf26b|ca5862f24107c7518c2d,
train,test,prompt_hash,c10b9483a5edf0a29d0c7da09c18a261eafa3fe2a7b828db34e7ff73cf1ab3ce,a4450385734093462178,2c1444680eb203471aa0|55667a89a6211c9ccd65,
train,test,prompt_hash,c18b824c6209e48765b24498fe7cd77685d3239c535ce712ab40ddc2015ecdc5,8f275a3465e50ff17371,46186feab082bf7c169e|7c3f43d7975d68172d44,
train,test,prompt_hash,c35f2c7243c7cea89f91d9cc59246807482141bf75dd0e579a2ba8142c0509f1,849ec869de9da768407c,e3bd9c8d2b2884206fa2,849ec869de9da768407c
train,test,prompt_hash,c3b0468c5015e06f73eb24c57aed0d7e0e0a2c89cc89b6cd8c6de70423084917,76f7b54808799b135934,061ce3f44c5226a0d99a|0e9d5360ca883cdc2ba4|141fcffb0b02db58ab9d|30dfebc3e480d0481120|62244eb7825bb13b432a|790c06f8fff792b5ba12|a4422a2da8b962f86d3c|d7fe10e881df591d2a64|f8baad9e4b5197cf54a2,
train,test,prompt_hash,c70a846ce6fd0311610ba556ff669a2cce1a788fb1e24e605031006cfd961a78,13531bf570ad2e860ce2,430cc925a3fb23354d69|8dc1c5720a8fade27689,
train,test,prompt_hash,c9a5da5248732ee4e3673c4f52b341e35f884011adb3ae6f57928c09bb020ada,a0b6c14b3d599d43719f,d4146469b71eca60c02f,
train,test,prompt_hash,cb62d594ee30884f0147de208009903648ca377aa8c4e6c5f0aed3e76a12c192,8e6929db289576ef98b4,075505a69372344350af|c2f6aa876cf788c023c2,
train,test,prompt_hash,ccb6caab600fed7957a0affd182fb0ae09d30da98de7546d9443fa9d07ebf018,23b2f39f88f695ed0a25,16eb120c35e6fbdeca88|29f63c80548047a20c4d,
train,test,prompt_hash,d1a7e3341a07cbc101c6c1c8ee15596bee234efef65135914f9d713ec228a719,6e552c8d315bc8e3a57c,6771ce7dec04e4a80d60,
train,test,prompt_hash,d201b56d01d19c5605b6fe7e1492c92ed260f2f856b1a2ada12c6c7e6c85a339,50e9adde94519aafdaed|6a661d55f6be7caa9887|fe122b438f3a074d5e00,3b74b7deb5bfd09ba6e1|cab828ba1b2ef73685df,
train,test,prompt_hash,d268a842d8df0394c3fd6f7e7a83ada3d3facea1031263bad56ef7bdbf6edcbb,3c20513383e80eae891c,2ced18766120951ba608,
train,test,prompt_hash,d6269aac8c5cf783393a4fe27c6bf2787fc8845837ee525fac8e02f46472ceaa,35ca80960358e68337ff,980910e451187d329dc9,
train,test,prompt_hash,d97f7795e6abbde2d9018c1fcedec84142469cd72d6204d4458abd1411c5a58e,a649b38444f717d459a7|a9835813aa8bcb5e3e2b|efc4192e447c30d976e3|fd9868ce8bac3577399f,1e0b7d42395a6a2d545e|2ff53aa4e458f522e4fe|4129b3ae703b9d55ded0|c211314aa0ecd091be1d|db9d13fe1bba49b77ac5|f67f2d2087ba4d6ab37c,
train,test,prompt_hash,db143100bf22e70c1d7b7be16380924dd500c55cf59012273049b90fb8a78db6,77361eeca4850968aa53,f81bbe40dd7a77de3379,77361eeca4850968aa53
train,test,prompt_hash,db80b6dcb34fc9965a0a0bd7d8a72080f672160cec653b5fcf861abb26c1c13b,b29380ca4525aa8219a9,dbc1c3d7907434c82dac,
train,test,prompt_hash,dc2775839d10275c16c97d6d1a15b5f3bc3b340be1938db45223ef004ff2e18b,7ea2e97661019a11a006|d478e6b5fa461af5cd24,a1111a346272c70ea548,
train,test,prompt_hash,ddc83a9172202e80222131ac1f7e69eda6e4e32eb68c7c6520efe27fdc8f9f37,057ac372cac413526bb8|7c43de4cd195c1253bfe|b9dbb59f9828fe6e9963,335409d1170a21f2379b|4a82bd3fc8358445db59|d0eb3c7205850286d90f|ec1dc14e6b76d3e486b5,b9dbb59f9828fe6e9963
train,test,prompt_hash,de34b67697e5cb716708af7ae51141e8f7f4b7b85370614a5362c2dd3378d836,2d5fee084178bf2c3043|5e977d53aa4e17a73761|9760178bca54807109cf|e9f21f78e53f3e3937c1,228efa663a1b53ad0dcb|382c7c1eebc291a05f46|88d6b3265ab8d4393906|91cb301fed39c10292c7|e43c50abe97680edaacc,2d5fee084178bf2c3043|5e977d53aa4e17a73761|e9f21f78e53f3e3937c1
train,test,prompt_hash,e0a73e5467dea4eb6fab902190b0d53d68801fa97cff0bbe1bb2ad5cd48c1bc1,03112c4130e4b640021c|d18329c592a121032ac5,23ef04aef1d81e0ed6ce|7443e10351d9558f2215|da9f2b385631fd45b7ed|fa5e2285669c5b73f800,03112c4130e4b640021c
train,test,prompt_hash,e85c302449f1a48200e9c7cc782a1d87e88f3199d5b3bafc97218fcba87dbd04,21e51ceedf2171864298|2812a50f67598551ef45,3e34110be11fdd0841aa|5b4e45c75418dd02b773|d2242606c90430fce3aa,
train,test,prompt_hash,ee1c90f827ca65c99a3008d0cdcca36a672b5be04c232c6d856c87521e2c93e7,96328aa2fcdda04844b5,dcc74d98228a4e2cbe02,
train,test,prompt_hash,ef3ac181b419ef6a773bce402a09989bcd5de7625d5c672597ab673a3cdc2175,d5a476cde68c184cc801,8120561e35a1833611b9,
val,test,prompt_hash,5a7447b1ebbfe051430c36d919a211d06262d14590c6ef683ad1280c5f07f35f,e8c4ba8338427edbe9ea,0c2b50726731335e3a6f|156bff397d33b1ca3629|3808ea6e5b1ca9769664|495adbe1e542b2a8b05d|566a60f486157784d3db|7f386b56eb69d263f4c6|a89b53d29649da09066b|d5727d40ca3a5c516bdf|fd421ebb060f22157db3,
val,test,prompt_hash,7e4d61af7cc45835c2c3792a038e826534ca4f3dd918977ea6298469a64a1cb1,2181b8f9378f3d9e4803,b8ae06358579ede4e433|c8b38e8596797956354d,
val,test,prompt_hash,c70a846ce6fd0311610ba556ff669a2cce1a788fb1e24e605031006cfd961a78,c00a8564cd6199339f01,430cc925a3fb23354d69|8dc1c5720a8fade27689,c00a8564cd6199339f01
